{
  "name": "jquery-mask-plugin",
  "version": "1.14.10",
  "main": "dist/jquery.mask.js",
  "ignore": [
    "deploy.rb",
    "jquery.mask.json",
    "Gruntfile.js",
    "test/*",
    ".*"
  ],
  "homepage": "https://github.com/igorescobar/jQuery-Mask-Plugin",
  "_release": "1.14.10",
  "_resolution": {
    "type": "version",
    "tag": "v1.14.10",
    "commit": "ad7df023df6a6f3f901026dfc5bf95a7e9d01f0d"
  },
  "_source": "https://github.com/igorescobar/jQuery-Mask-Plugin.git",
  "_target": "^1.14.10",
  "_originalSource": "jquery-mask-plugin",
  "_direct": true
}